id,first_name,last_name,email,gender,ip_address
1,Benton,Oldroyd,boldroyd0@wordpress.com,Male,36.142.81.173
2,Julio,Stallworth,jstallworth1@wordpress.com,Male,239.43.240.201
3,Trueman,Paladino,tpaladino2@unblog.fr,Male,208.232.212.65
4,Fabiano,Gillean,fgillean3@msn.com,Male,55.254.90.14
5,Dorette,Perello,dperello4@oaic.gov.au,Female,199.174.24.221
6,Tim,Mansell,tmansell5@japanpost.jp,Male,194.117.12.252
7,Eryn,Janek,ejanek6@so-net.ne.jp,Female,36.196.245.8
8,Conni,Skunes,cskunes7@amazon.com,Female,69.150.127.186
9,Mattie,Pea,mpea8@blogger.com,Female,47.71.223.2
10,Jereme,Haslehurst,jhaslehurst9@ehow.com,Male,186.195.249.180
11,Gardy,Dabes,gdabesa@paypal.com,Male,246.178.208.211
12,Shermy,Zecchinelli,szecchinellib@networkadvertising.org,Male,94.13.238.162
13,Port,Owbridge,powbridgec@blogger.com,Male,122.177.250.110
14,Fonz,Clowes,fclowesd@eventbrite.com,Male,63.2.14.65
15,Doroteya,Heaford,dheaforde@meetup.com,Female,24.166.247.87
16,Willy,Le Franc,wlefrancf@dailymail.co.uk,Male,171.94.229.165
17,Rozanne,de Cullip,rdecullipg@cmu.edu,Female,167.48.254.92
18,Gardner,Caulkett,gcaulketth@bandcamp.com,Male,69.101.150.143
19,Nial,Clew,nclewi@themeforest.net,Male,225.130.123.51
20,Bryon,Stellino,bstellinoj@marketwatch.com,Male,51.60.219.95
21,Prisca,Bernardot,pbernardotk@de.vu,Female,238.170.170.159
22,Spenser,Thaxton,sthaxtonl@eepurl.com,Male,190.139.197.131
23,Rici,Haugg,rhauggm@unc.edu,Female,236.125.20.37
24,Nil,Sexon,nsexonn@shop-pro.jp,Male,222.216.115.106
25,Monroe,Gorvette,mgorvetteo@jalbum.net,Male,163.126.124.4
26,Moria,Cadden,mcaddenp@uol.com.br,Female,246.75.66.7
27,Fidelity,McCullen,fmccullenq@cam.ac.uk,Female,50.110.66.62
28,Dale,Livett,dlivettr@who.int,Male,227.221.60.0
29,Towny,Milier,tmiliers@discuz.net,Male,143.91.183.220
30,Linzy,Foucher,lfouchert@fema.gov,Female,116.179.75.111
31,Brynn,Done,bdoneu@furl.net,Female,185.62.162.170
32,Hammad,Walton,hwaltonv@1688.com,Male,214.121.136.188
33,Ardine,Benfield,abenfieldw@ucoz.com,Female,196.89.213.24
34,Ally,Toffanelli,atoffanellix@shutterfly.com,Female,6.82.6.175
35,Court,Itchingham,citchinghamy@sohu.com,Male,12.23.118.8
36,Sunny,Warlaw,swarlawz@linkedin.com,Female,147.203.240.246
37,Alasteir,Keaveney,akeaveney10@so-net.ne.jp,Male,167.222.215.198
38,Orelie,Cody,ocody11@pagesperso-orange.fr,Female,146.97.252.226
39,Dimitry,Morrall,dmorrall12@redcross.org,Male,232.83.244.107
40,Shurwood,O'Brien,sobrien13@fastcompany.com,Male,202.135.42.254
41,Daffi,Echlin,dechlin14@marketwatch.com,Female,97.224.60.223
42,Stavros,Braden,sbraden15@tuttocitta.it,Male,62.7.177.247
43,Darelle,Bonick,dbonick16@upenn.edu,Female,94.220.184.105
44,Ferrel,Jeynes,fjeynes17@princeton.edu,Male,199.203.207.210
45,Shelley,Gurr,sgurr18@state.gov,Male,189.207.113.89
46,Theda,Henlon,thenlon19@who.int,Female,104.254.232.45
47,Matilde,Frederick,mfrederick1a@house.gov,Female,102.157.169.122
48,Cordell,Purkins,cpurkins1b@columbia.edu,Male,38.57.18.236
49,Husain,Rushbrooke,hrushbrooke1c@is.gd,Male,159.34.140.223
50,Whit,Parkyns,wparkyns1d@vkontakte.ru,Male,76.174.252.206
51,Arluene,Vokes,avokes1e@nsw.gov.au,Female,46.5.32.134
52,Jess,Laurant,jlaurant1f@wikipedia.org,Male,38.71.35.161
53,Reuven,Ledwidge,rledwidge1g@cargocollective.com,Male,234.42.5.229
54,Rog,Antonutti,rantonutti1h@topsy.com,Male,236.50.27.62
55,Waring,Giorgini,wgiorgini1i@so-net.ne.jp,Male,248.243.234.127
56,Lianna,Handforth,lhandforth1j@imdb.com,Female,50.155.47.84
57,Skip,Well,swell1k@reuters.com,Male,65.48.162.204
58,Robinett,Dooher,rdooher1l@acquirethisname.com,Female,32.64.190.192
59,Caesar,Sandison,csandison1m@squidoo.com,Male,148.246.82.39
60,Fonzie,Deerness,fdeerness1n@taobao.com,Male,49.101.152.49
61,Hartley,Connochie,hconnochie1o@nhs.uk,Male,46.42.235.93
62,Nerta,Spendlove,nspendlove1p@go.com,Female,239.90.127.24
63,Griffith,Orringe,gorringe1q@issuu.com,Male,6.154.108.109
64,Conrade,Fenners,cfenners1r@alibaba.com,Male,47.105.225.207
65,Kaja,Rozanski,krozanski1s@msu.edu,Female,37.242.155.202
66,Kirk,Waddington,kwaddington1t@nifty.com,Male,25.246.225.204
67,Pancho,Setchfield,psetchfield1u@smh.com.au,Male,15.54.89.230
68,Karlens,Eccott,keccott1v@soundcloud.com,Male,170.196.239.255
69,Willy,Headrick,wheadrick1w@vinaora.com,Male,83.200.243.223
70,Quint,Critchley,qcritchley1x@ebay.co.uk,Male,247.200.143.158
71,Sayre,Bartlomiejczyk,sbartlomiejczyk1y@msn.com,Female,73.0.176.186
72,Hillie,Hawkwood,hhawkwood1z@comcast.net,Male,8.169.169.193
73,Isac,Ishaki,iishaki20@github.com,Male,143.210.19.84
74,Niki,Peplow,npeplow21@ezinearticles.com,Male,11.36.68.81
75,Esdras,Calbaithe,ecalbaithe22@economist.com,Male,109.228.76.43
76,Jobi,Keepence,jkeepence23@spiegel.de,Female,32.123.254.32
77,Ignatius,Scampion,iscampion24@diigo.com,Male,131.72.96.57
78,Anthea,Blazevic,ablazevic25@networkadvertising.org,Female,100.208.228.83
79,Layton,Collick,lcollick26@whitehouse.gov,Male,91.240.37.11
80,Elora,Pennini,epennini27@hc360.com,Female,181.132.161.116
81,Georgena,Beardwood,gbeardwood28@etsy.com,Female,23.237.99.167
82,Charlean,Baldam,cbaldam29@yale.edu,Female,41.21.103.218
83,Domenico,Tyce,dtyce2a@spiegel.de,Male,46.37.37.78
84,Katlin,Daville,kdaville2b@oaic.gov.au,Female,23.5.82.24
85,Paolina,Echallier,pechallier2c@hao123.com,Female,119.232.146.69
86,Dukey,Bezarra,dbezarra2d@ucla.edu,Male,159.33.108.136
87,Guinevere,Walcar,gwalcar2e@phpbb.com,Female,165.179.42.31
88,Retha,Sollner,rsollner2f@hatena.ne.jp,Female,65.62.243.64
89,Jody,Penhallurick,jpenhallurick2g@comsenz.com,Male,109.20.25.2
90,Pippo,Coll,pcoll2h@fastcompany.com,Male,150.168.79.50
91,Gregoire,Blackledge,gblackledge2i@bigcartel.com,Male,59.79.131.225
92,Agnella,Meininger,ameininger2j@redcross.org,Female,58.24.60.117
93,Terra,Greener,tgreener2k@nifty.com,Female,241.255.121.96
94,Barbi,Grigoryev,bgrigoryev2l@dot.gov,Female,219.214.139.190
95,Lotty,Durnin,ldurnin2m@360.cn,Female,3.181.85.152
96,Fonz,Mower,fmower2n@wufoo.com,Male,244.178.206.3
97,Engracia,Antrobus,eantrobus2o@ning.com,Female,49.42.206.167
98,Ricoriki,Gyorgy,rgyorgy2p@gravatar.com,Male,212.233.142.122
99,Lorrie,Sprules,lsprules2q@virginia.edu,Male,232.118.140.88
100,Abie,Berndsen,aberndsen2r@mac.com,Male,81.4.87.49
101,Emelda,Canland,ecanland2s@shinystat.com,Female,224.17.60.64
102,Dorian,Wetheril,dwetheril2t@bravesites.com,Male,189.112.88.187
103,Pryce,Blacklawe,pblacklawe2u@wp.com,Male,69.217.102.144
104,Cherianne,Ploughwright,cploughwright2v@biblegateway.com,Female,20.43.190.38
105,Sal,Schirak,sschirak2w@cocolog-nifty.com,Female,44.145.121.154
106,Max,Anlay,manlay2x@sourceforge.net,Male,6.42.138.140
107,Corrianne,Abley,cabley2y@youtube.com,Female,129.234.161.166
108,Gertruda,Starten,gstarten2z@discovery.com,Female,2.52.92.168
109,Joel,Taffurelli,jtaffurelli30@hud.gov,Male,189.35.117.82
110,Clyde,Poxson,cpoxson31@friendfeed.com,Male,16.135.232.134
111,Corbett,Sneddon,csneddon32@youtube.com,Male,235.252.93.34
112,Jacquie,Petrasch,jpetrasch33@bluehost.com,Female,97.241.25.38
113,Christel,Mettetal,cmettetal34@earthlink.net,Female,1.89.6.23
114,Jimmie,Andrichak,jandrichak35@umn.edu,Male,62.140.101.67
115,Free,Caizley,fcaizley36@ucla.edu,Male,150.65.104.81
116,Cobb,Rummings,crummings37@tuttocitta.it,Male,252.218.89.131
117,Nickola,Stannas,nstannas38@reddit.com,Male,23.155.11.95
118,Pavla,Packwood,ppackwood39@engadget.com,Female,37.69.27.110
119,Thurston,Douce,tdouce3a@ft.com,Male,16.214.167.44
120,Conant,Bloy,cbloy3b@goodreads.com,Male,87.34.183.71
121,Saidee,Gout,sgout3c@walmart.com,Female,209.82.195.35
122,Jonis,Amort,jamort3d@boston.com,Female,101.75.47.93
123,Goddard,Binnes,gbinnes3e@topsy.com,Male,179.45.107.235
124,Alexis,Bynold,abynold3f@npr.org,Male,45.171.121.140
125,Coraline,Elsworth,celsworth3g@admin.ch,Female,199.14.120.189
126,Corabella,Duffy,cduffy3h@google.it,Female,114.2.13.176
127,Trevor,Klimentov,tklimentov3i@census.gov,Male,78.16.182.244
128,Breanne,Piotrowski,bpiotrowski3j@yale.edu,Female,14.119.95.156
129,Gawain,Volk,gvolk3k@issuu.com,Male,199.210.104.126
130,Abrahan,Dradey,adradey3l@naver.com,Male,69.142.162.228
131,Carolann,Sutherland,csutherland3m@kickstarter.com,Female,109.38.104.80
132,Gwynne,Filyushkin,gfilyushkin3n@icq.com,Female,45.147.200.184
133,Saraann,Basile,sbasile3o@go.com,Female,122.4.172.105
134,Guthrie,Guerreru,gguerreru3p@mayoclinic.com,Male,229.181.113.139
135,Murray,Bursnoll,mbursnoll3q@phoca.cz,Male,107.219.238.153
136,Elroy,Book,ebook3r@irs.gov,Male,34.119.28.22
137,Marcel,Chilcott,mchilcott3s@washingtonpost.com,Male,241.193.41.242
138,Maisie,Crowdy,mcrowdy3t@fastcompany.com,Female,251.192.128.68
139,Olenolin,Fraser,ofraser3u@msu.edu,Male,176.185.62.62
140,Art,Face,aface3v@google.nl,Male,104.104.170.126
141,Kerianne,Kinnard,kkinnard3w@eventbrite.com,Female,31.128.31.39
142,Sheilah,Hulcoop,shulcoop3x@goo.ne.jp,Female,163.30.251.193
143,Travus,Fullman,tfullman3y@vkontakte.ru,Male,245.129.5.203
144,Parrnell,Nockells,pnockells3z@dailymail.co.uk,Male,148.5.190.14
145,Hal,Heare,hheare40@reuters.com,Male,160.212.194.139
146,Arly,Aikman,aaikman41@sitemeter.com,Female,75.37.189.13
147,Gray,Offner,goffner42@mapquest.com,Male,197.114.157.196
148,Willabella,Burwood,wburwood43@toplist.cz,Female,117.246.155.79
149,Sigismund,Iamittii,siamittii44@dagondesign.com,Male,138.32.235.103
150,Camellia,Olennikov,colennikov45@imdb.com,Female,54.238.223.249
151,Gerhard,Konmann,gkonmann46@bbc.co.uk,Male,18.161.41.239
152,Sheila-kathryn,Deeman,sdeeman47@linkedin.com,Female,77.150.141.232
153,Katherina,Carlaw,kcarlaw48@sohu.com,Female,87.175.153.218
154,Sabrina,Tiesman,stiesman49@simplemachines.org,Female,229.9.18.149
155,Ursula,Jacomb,ujacomb4a@webmd.com,Female,26.17.216.88
156,Gennie,Monksfield,gmonksfield4b@unesco.org,Female,7.0.105.153
157,Averill,Drawmer,adrawmer4c@theguardian.com,Male,111.26.24.81
158,Trev,Buchett,tbuchett4d@bloglovin.com,Male,3.150.26.156
159,Cassie,Yanukhin,cyanukhin4e@baidu.com,Male,35.251.182.76
160,Gib,O'Halloran,gohalloran4f@geocities.com,Male,154.197.207.145
161,Ade,Teal,ateal4g@auda.org.au,Male,33.173.107.215
162,Charley,Castelletti,ccastelletti4h@rambler.ru,Male,128.116.254.120
163,Tome,Jancso,tjancso4i@spiegel.de,Male,221.98.100.210
164,Beatrisa,Dudhill,bdudhill4j@ask.com,Female,155.108.57.236
165,Lainey,Cheshir,lcheshir4k@squidoo.com,Female,233.121.5.165
166,Roseanne,Rehorek,rrehorek4l@cafepress.com,Female,225.146.247.113
167,Diena,Durrans,ddurrans4m@eepurl.com,Female,121.36.222.88
168,Kathleen,Barribal,kbarribal4n@cdbaby.com,Female,91.226.229.54
169,Gaspar,Wharton,gwharton4o@youku.com,Male,165.101.149.5
170,Reinhard,Embury,rembury4p@aol.com,Male,136.6.194.173
171,Tymon,Costan,tcostan4q@npr.org,Male,47.13.16.154
172,Stephanus,Landrean,slandrean4r@google.com.hk,Male,160.170.186.9
173,Xylia,Jindracek,xjindracek4s@independent.co.uk,Female,214.28.25.221
174,Manon,McMinn,mmcminn4t@craigslist.org,Female,212.205.0.229
175,Constantin,Velti,cvelti4u@so-net.ne.jp,Male,159.228.113.11
176,Fidole,Kermode,fkermode4v@etsy.com,Male,191.56.97.232
177,Fionna,Connerly,fconnerly4w@admin.ch,Female,129.252.243.92
178,Bartram,Reicherz,breicherz4x@boston.com,Male,23.143.100.247
179,Malachi,Acock,macock4y@europa.eu,Male,22.150.92.205
180,Raynor,Hukin,rhukin4z@digg.com,Male,28.69.12.15
181,Danella,Monelle,dmonelle50@blog.com,Female,237.147.101.79
182,Jenni,McKillop,jmckillop51@blogs.com,Female,126.185.49.24
183,Mason,Gheorghe,mgheorghe52@mashable.com,Male,217.100.54.33
184,Tina,Cammish,tcammish53@google.ru,Female,142.18.217.83
185,Lanny,Nicholas,lnicholas54@storify.com,Female,143.244.249.232
186,Shannon,Klimentyev,sklimentyev55@foxnews.com,Female,195.99.53.138
187,Laughton,Matveiko,lmatveiko56@jalbum.net,Male,62.141.232.45
188,Joyce,Eagell,jeagell57@globo.com,Female,123.140.77.13
189,Sharona,Pregel,spregel58@netvibes.com,Female,74.0.236.105
190,Janetta,Chavey,jchavey59@pinterest.com,Female,138.51.186.226
191,Boycie,Payle,bpayle5a@earthlink.net,Male,134.72.225.233
192,Tiffie,Villa,tvilla5b@slashdot.org,Female,22.146.75.85
193,Omero,Trematick,otrematick5c@irs.gov,Male,48.17.127.153
194,Isa,Von Oertzen,ivonoertzen5d@tripadvisor.com,Male,134.167.227.222
195,Darwin,Fiddiman,dfiddiman5e@amazon.co.jp,Male,155.104.185.74
196,Bastian,Kestle,bkestle5f@drupal.org,Male,128.96.89.179
197,Daisy,Seager,dseager5g@soundcloud.com,Female,57.146.134.164
198,Elysha,Squier,esquier5h@eventbrite.com,Female,152.163.190.154
199,Annadiana,Dannohl,adannohl5i@apache.org,Female,35.164.15.118
200,Patric,Sallter,psallter5j@pcworld.com,Male,143.237.188.62
201,Dugald,Jakubiak,djakubiak5k@virginia.edu,Male,58.113.173.150
202,Wallas,Francombe,wfrancombe5l@nhs.uk,Male,238.182.44.47
203,Elke,Birchenhead,ebirchenhead5m@zdnet.com,Female,72.105.50.141
204,Mildred,Fuxman,mfuxman5n@booking.com,Female,232.47.156.130
205,Linus,Asbrey,lasbrey5o@icq.com,Male,20.138.135.147
206,Kayle,McPhilemy,kmcphilemy5p@naver.com,Female,169.181.221.112
207,Bertie,Lamplough,blamplough5q@salon.com,Male,208.128.223.40
208,Terrance,Lyte,tlyte5r@earthlink.net,Male,232.203.203.212
209,Rip,Oke,roke5s@shutterfly.com,Male,103.53.196.90
210,Niki,McEttigen,nmcettigen5t@last.fm,Male,173.107.165.246
211,Truman,Broadbere,tbroadbere5u@goo.ne.jp,Male,87.28.40.49
212,Margaretta,Chanders,mchanders5v@vimeo.com,Female,127.62.128.74
213,Basia,Stoyell,bstoyell5w@simplemachines.org,Female,195.33.211.136
214,Tab,Sunley,tsunley5x@fda.gov,Male,177.174.65.167
215,Claudina,Tuberfield,ctuberfield5y@mediafire.com,Female,112.126.85.90
216,Orsa,Barker,obarker5z@ibm.com,Female,182.132.78.189
217,Elle,Galliford,egalliford60@examiner.com,Female,208.77.152.20
218,Yehudit,Menico,ymenico61@1688.com,Male,241.19.14.125
219,Ali,Shetliff,ashetliff62@mediafire.com,Male,94.228.186.12
220,Alanna,McCurtin,amccurtin63@cnn.com,Female,168.200.219.251
221,Danya,Postle,dpostle64@google.it,Female,105.60.250.198
222,Nolan,Haughey,nhaughey65@github.com,Male,74.215.237.169
223,Theodosia,Scohier,tscohier66@cisco.com,Female,147.196.195.47
224,Leela,Dunkley,ldunkley67@examiner.com,Female,13.212.224.124
225,Otto,Marzelli,omarzelli68@storify.com,Male,139.173.124.2
226,Bobbi,Ling,bling69@disqus.com,Female,170.7.129.229
227,Faustina,Thomel,fthomel6a@fastcompany.com,Female,212.68.205.84
228,Rea,Hannaford,rhannaford6b@infoseek.co.jp,Female,13.188.16.158
229,Christoph,Benesevich,cbenesevich6c@ustream.tv,Male,164.3.206.250
230,Laurianne,Clutterbuck,lclutterbuck6d@netlog.com,Female,38.126.169.66
231,Diego,Cruttenden,dcruttenden6e@chron.com,Male,85.7.24.69
232,Kailey,Steels,ksteels6f@sina.com.cn,Female,96.232.218.134
233,Owen,Wapples,owapples6g@webmd.com,Male,86.234.179.96
234,Stevena,Rattery,srattery6h@indiegogo.com,Female,124.19.170.142
235,Torrance,Etoile,tetoile6i@slate.com,Male,254.196.7.219
236,Natassia,Ascroft,nascroft6j@people.com.cn,Female,3.87.243.29
237,Glen,Eckery,geckery6k@google.es,Male,48.192.200.11
238,Noach,Duplain,nduplain6l@stumbleupon.com,Male,99.201.133.231
239,Maryrose,Belamy,mbelamy6m@si.edu,Female,219.251.75.147
240,Glynis,Stratley,gstratley6n@marketwatch.com,Female,18.109.179.220
241,Britni,Chalk,bchalk6o@harvard.edu,Female,242.119.243.150
242,Anne,Espy,aespy6p@jigsy.com,Female,100.183.174.248
243,Farra,Pitrollo,fpitrollo6q@technorati.com,Female,205.61.58.28
244,Belle,Songest,bsongest6r@japanpost.jp,Female,104.159.2.151
245,Ana,Deviney,adeviney6s@goo.gl,Female,222.35.82.246
246,Ulberto,Gouldstone,ugouldstone6t@japanpost.jp,Male,125.206.194.14
247,Dee dee,Frangello,dfrangello6u@goodreads.com,Female,25.253.61.77
248,Prentice,Bettam,pbettam6v@skype.com,Male,113.0.79.126
249,Veronica,Lightman,vlightman6w@time.com,Female,196.222.125.9
250,Sebastien,Kayzer,skayzer6x@bbb.org,Male,219.171.35.169
251,Donnamarie,Earp,dearp6y@merriam-webster.com,Female,127.31.115.102
252,Adi,Anfusso,aanfusso6z@weibo.com,Female,53.99.192.238
253,Livvyy,Laverock,llaverock70@ycombinator.com,Female,133.126.222.181
254,Crawford,Magnar,cmagnar71@networksolutions.com,Male,17.0.200.182
255,Jeddy,Monkman,jmonkman72@ibm.com,Male,228.106.155.215
256,Magda,Morad,mmorad73@dailymail.co.uk,Female,81.48.112.205
257,Libbey,de Verson,ldeverson74@hc360.com,Female,39.16.36.114
258,Edouard,Spyer,espyer75@wix.com,Male,157.191.144.30
259,Clarissa,Sallier,csallier76@home.pl,Female,115.105.71.162
260,Ofilia,Haryngton,oharyngton77@mozilla.org,Female,109.53.149.73
261,Standford,Behan,sbehan78@loc.gov,Male,132.152.223.40
262,Langsdon,Durtnal,ldurtnal79@hc360.com,Male,31.219.205.17
263,Buddy,Couper,bcouper7a@uiuc.edu,Male,155.87.29.165
264,Timothee,Domenc,tdomenc7b@foxnews.com,Male,18.38.251.177
265,Westbrook,Fillimore,wfillimore7c@goodreads.com,Male,35.105.63.5
266,Meredith,Owlner,mowlner7d@arstechnica.com,Male,229.115.225.101
267,Sherry,Fairbrace,sfairbrace7e@biblegateway.com,Female,210.175.193.92
268,Gianina,Gadaud,ggadaud7f@devhub.com,Female,113.61.182.10
269,Halley,Simecek,hsimecek7g@netlog.com,Female,94.122.185.101
270,Coraline,Guiso,cguiso7h@home.pl,Female,145.103.223.15
271,Clemmy,Le Claire,cleclaire7i@pagesperso-orange.fr,Male,189.74.242.244
272,Margarette,Murison,mmurison7j@altervista.org,Female,198.60.52.241
273,Sharai,Whitmore,swhitmore7k@go.com,Female,9.51.126.222
274,Esmeralda,Bru,ebru7l@hud.gov,Female,238.7.14.119
275,Dale,Jarad,djarad7m@parallels.com,Female,140.106.193.20
276,Baxy,Hillum,bhillum7n@ed.gov,Male,130.155.179.40
277,Val,Steane,vsteane7o@google.co.uk,Female,31.231.157.69
278,Ax,Currington,acurrington7p@usgs.gov,Male,11.175.167.215
279,Wally,Chiverstone,wchiverstone7q@flavors.me,Male,226.190.157.185
280,Ewen,de Merida,edemerida7r@sakura.ne.jp,Male,169.7.35.152
281,Meghan,Leaf,mleaf7s@cisco.com,Female,226.64.150.236
282,Justus,Stirland,jstirland7t@census.gov,Male,116.254.15.69
283,Chadd,Warr,cwarr7u@opensource.org,Male,203.124.48.39
284,Jarrett,Doull,jdoull7v@theguardian.com,Male,145.173.25.44
285,Bria,Baldwin,bbaldwin7w@fema.gov,Female,242.242.163.102
286,Alberik,Keely,akeely7x@ning.com,Male,48.10.70.123
287,Nyssa,Fulford,nfulford7y@ucla.edu,Female,97.83.149.198
288,Mervin,Hummerston,mhummerston7z@tiny.cc,Male,85.211.200.140
289,Griselda,Coldrick,gcoldrick80@rakuten.co.jp,Female,175.203.84.179
290,Frances,Wicken,fwicken81@com.com,Female,68.116.133.147
291,Worthy,Allin,wallin82@jimdo.com,Male,51.237.230.19
292,Herbert,Swancock,hswancock83@sun.com,Male,189.206.133.204
293,Marice,Vertigan,mvertigan84@amazon.de,Female,228.195.85.170
294,Hurlee,Hurl,hhurl85@bravesites.com,Male,99.24.181.190
295,Jake,MacMickan,jmacmickan86@smugmug.com,Male,234.126.60.236
296,Janetta,Bernt,jbernt87@fc2.com,Female,104.109.149.132
297,Lenette,Torregiani,ltorregiani88@skyrock.com,Female,139.174.133.112
298,Annadiane,Ogelsby,aogelsby89@mediafire.com,Female,117.73.7.102
299,Bartlett,Leivesley,bleivesley8a@npr.org,Male,70.40.47.108
300,Fifine,Readhead,freadhead8b@hatena.ne.jp,Female,156.36.155.95
301,Bunni,Duffyn,bduffyn8c@mozilla.com,Female,37.87.22.59
302,Antons,Cartman,acartman8d@dell.com,Male,177.72.40.202
303,Beaufort,Goodswen,bgoodswen8e@accuweather.com,Male,156.19.243.120
304,Napoleon,Roxby,nroxby8f@infoseek.co.jp,Male,223.73.24.173
305,Padraic,Zaczek,pzaczek8g@wsj.com,Male,38.172.143.77
306,Megan,Biagioni,mbiagioni8h@istockphoto.com,Female,82.19.147.33
307,Herby,Dionisio,hdionisio8i@cnet.com,Male,50.246.52.192
308,Klara,Gladdis,kgladdis8j@merriam-webster.com,Female,54.30.59.211
309,Kamila,Sugarman,ksugarman8k@google.co.jp,Female,203.99.249.91
310,Byran,Mowne,bmowne8l@pen.io,Male,59.142.137.155
311,Margie,Avrahamoff,mavrahamoff8m@people.com.cn,Female,5.14.139.0
312,Alia,Balbeck,abalbeck8n@fema.gov,Female,26.211.190.124
313,Giraud,Marvin,gmarvin8o@dyndns.org,Male,62.107.45.161
314,Vinnie,Girdlestone,vgirdlestone8p@moonfruit.com,Male,182.230.122.202
315,Orv,Parish,oparish8q@fc2.com,Male,180.66.56.112
316,Stefa,Woodsford,swoodsford8r@weebly.com,Female,87.23.173.41
317,Kylen,Somerscales,ksomerscales8s@oakley.com,Female,230.145.119.226
318,Blane,Pendergrast,bpendergrast8t@yandex.ru,Male,118.94.35.254
319,Rochester,Shilstone,rshilstone8u@vistaprint.com,Male,24.81.135.136
320,Wilona,Waldram,wwaldram8v@ezinearticles.com,Female,113.16.225.50
321,Cyndia,Abramowsky,cabramowsky8w@ucsd.edu,Female,48.228.253.162
322,Kim,Doe,kdoe8x@princeton.edu,Male,219.129.180.234
323,Salome,Napolione,snapolione8y@angelfire.com,Female,1.51.252.232
324,Reina,Heigho,rheigho8z@hugedomains.com,Female,181.105.197.148
325,Lynett,Daspar,ldaspar90@yahoo.com,Female,122.101.230.190
326,Margarita,Peak,mpeak91@sciencedaily.com,Female,48.102.18.210
327,Brod,Mandrey,bmandrey92@rediff.com,Male,177.196.7.21
328,Dorrie,Callister,dcallister93@cam.ac.uk,Female,204.190.126.113
329,Halsey,Landsborough,hlandsborough94@disqus.com,Male,153.120.219.37
330,Seymour,Faust,sfaust95@51.la,Male,66.158.140.172
331,Grantham,Hetterich,ghetterich96@gnu.org,Male,57.157.169.193
332,Ches,Beecraft,cbeecraft97@aol.com,Male,39.57.23.246
333,Charil,Farnorth,cfarnorth98@freewebs.com,Female,89.76.130.231
334,Amelie,Bagworth,abagworth99@cafepress.com,Female,49.83.110.199
335,Port,Cohr,pcohr9a@utexas.edu,Male,210.99.54.68
336,Donny,Arnolds,darnolds9b@prweb.com,Male,184.232.241.13
337,Griff,Glover,gglover9c@sciencedaily.com,Male,185.199.85.126
338,Jess,Jodlowski,jjodlowski9d@liveinternet.ru,Female,219.137.215.252
339,Archibald,Kaes,akaes9e@acquirethisname.com,Male,164.119.244.169
340,Micheal,Hayto,mhayto9f@addthis.com,Male,137.108.220.8
341,Ellary,Peer,epeer9g@hatena.ne.jp,Male,23.201.184.228
342,Cornela,Tantrum,ctantrum9h@ustream.tv,Female,91.66.130.147
343,Maddy,Kidde,mkidde9i@narod.ru,Male,133.180.95.184
344,Hansiain,Messum,hmessum9j@engadget.com,Male,168.201.106.64
345,Violante,Braga,vbraga9k@moonfruit.com,Female,95.184.77.180
346,Lynnell,Likely,llikely9l@bloomberg.com,Female,149.50.17.251
347,Jody,Muzzini,jmuzzini9m@mapy.cz,Male,2.208.122.42
348,Opaline,Bernaldez,obernaldez9n@yahoo.co.jp,Female,234.220.79.48
349,Bobby,Kenzie,bkenzie9o@ning.com,Male,34.145.217.221
350,Locke,Masedon,lmasedon9p@google.pl,Male,171.0.243.233
351,Wenda,Sonnenschein,wsonnenschein9q@amazon.com,Female,16.245.73.30
352,Deeyn,Auchinleck,dauchinleck9r@vkontakte.ru,Female,15.48.185.91
353,Reynard,McLemon,rmclemon9s@walmart.com,Male,136.133.59.97
354,Royall,Philcock,rphilcock9t@unc.edu,Male,93.15.37.200
355,Claudian,Reynault,creynault9u@bloomberg.com,Male,4.150.235.217
356,Neall,Allner,nallner9v@webnode.com,Male,93.76.193.67
357,Jillie,Dwane,jdwane9w@cam.ac.uk,Female,163.87.75.182
358,Ab,Whaites,awhaites9x@webeden.co.uk,Male,182.112.196.90
359,Zondra,Wass,zwass9y@feedburner.com,Female,43.246.9.118
360,Gardie,Weekly,gweekly9z@upenn.edu,Male,33.96.236.147
361,Karyn,Durrell,kdurrella0@jigsy.com,Female,243.128.196.25
362,Dame,Divall,ddivalla1@spotify.com,Male,48.119.169.152
363,Thea,Jakel,tjakela2@t.co,Female,65.112.214.15
364,Ermanno,Drinan,edrinana3@who.int,Male,136.34.198.222
365,Jaquith,Dutson,jdutsona4@illinois.edu,Female,34.17.69.145
366,Max,Hutable,mhutablea5@about.com,Female,35.20.245.59
367,Kele,Vallentine,kvallentinea6@pagesperso-orange.fr,Male,217.58.159.16
368,Marya,Zum Felde,mzumfeldea7@mit.edu,Female,79.42.84.30
369,Glenn,McCreadie,gmccreadiea8@t.co,Male,138.135.212.162
370,Benny,Craydon,bcraydona9@chron.com,Male,86.225.158.152
371,Ivonne,Aldersey,ialderseyaa@imdb.com,Female,147.52.73.122
372,Johanna,Langeley,jlangeleyab@webs.com,Female,245.187.137.131
373,Carlynn,Rieflin,crieflinac@g.co,Female,20.160.207.145
374,Dee,Janousek,djanousekad@dropbox.com,Female,46.53.46.204
375,Gwendolin,Cabral,gcabralae@vk.com,Female,175.226.176.230
376,Tasia,Tayt,ttaytaf@noaa.gov,Female,140.249.251.185
377,Millard,Casier,mcasierag@tripod.com,Male,198.26.224.136
378,Katharine,Haggerstone,khaggerstoneah@wikimedia.org,Female,142.83.27.24
379,Roz,Lisimore,rlisimoreai@networksolutions.com,Female,194.109.125.163
380,Cornell,Jarratt,cjarrattaj@smh.com.au,Male,50.42.134.35
381,Marta,Ramberg,mrambergak@walmart.com,Female,218.198.203.200
382,Mac,Corrington,mcorringtonal@dion.ne.jp,Male,203.222.140.202
383,Mirabel,Lissandrini,mlissandriniam@mysql.com,Female,22.73.124.127
384,Chadd,Beric,cberican@webs.com,Male,27.190.55.41
385,Rodina,Postle,rpostleao@flickr.com,Female,59.84.61.48
386,Zaneta,Robinett,zrobinettap@fc2.com,Female,66.161.106.135
387,Karie,Leatherland,kleatherlandaq@deliciousdays.com,Female,22.54.247.176
388,Salli,Lidbetter,slidbetterar@vinaora.com,Female,128.33.53.116
389,Wallie,Clipsham,wclipshamas@alexa.com,Female,47.47.145.129
390,Konstanze,McKean,kmckeanat@msn.com,Female,145.48.179.46
391,Kaylyn,Scolts,kscoltsau@aboutads.info,Female,41.155.151.40
392,Carline,D'Ruel,cdruelav@phpbb.com,Female,223.201.22.17
393,Linell,Marven,lmarvenaw@theatlantic.com,Female,168.30.111.116
394,Alan,Adamsky,aadamskyax@mashable.com,Male,1.180.47.61
395,Jody,Karlolczak,jkarlolczakay@infoseek.co.jp,Male,201.94.101.40
396,Bobine,Espinho,bespinhoaz@yellowbook.com,Female,87.227.163.162
397,Jess,Layne,jlayneb0@e-recht24.de,Male,59.93.247.79
398,Fabe,Ginnane,fginnaneb1@amazon.com,Male,205.95.181.148
399,Cassey,Wickardt,cwickardtb2@goodreads.com,Female,39.6.16.227
400,Brooke,Folan,bfolanb3@europa.eu,Female,130.231.116.171
401,Murry,Wenham,mwenhamb4@joomla.org,Male,94.185.119.163
402,Vasily,Weekes,vweekesb5@tinypic.com,Male,79.102.145.60
403,Bamby,Landall,blandallb6@tumblr.com,Female,173.10.81.95
404,Tate,Kidsley,tkidsleyb7@jiathis.com,Male,20.119.167.71
405,Sarine,Lipsett,slipsettb8@blogspot.com,Female,173.198.120.132
406,Virgil,Cord,vcordb9@abc.net.au,Male,166.255.186.79
407,Angelita,Hazel,ahazelba@ft.com,Female,51.220.159.245
408,Barn,Brozek,bbrozekbb@princeton.edu,Male,207.104.197.141
409,Robbin,Seiler,rseilerbc@infoseek.co.jp,Female,237.191.103.240
410,Anstice,De Zamudio,adezamudiobd@jiathis.com,Female,44.163.252.180
411,Igor,Speke,ispekebe@reverbnation.com,Male,208.134.212.32
412,Domenic,Argont,dargontbf@uiuc.edu,Male,14.217.115.223
413,Flory,Aggas,faggasbg@ft.com,Female,146.35.236.221
414,Otto,Stronge,ostrongebh@freewebs.com,Male,73.89.8.33
415,Benton,Burne,bburnebi@apple.com,Male,223.114.3.120
416,Kaleb,Cluelow,kcluelowbj@scientificamerican.com,Male,83.43.49.163
417,Calvin,Walklott,cwalklottbk@hc360.com,Male,76.158.124.202
418,Madelena,Ranklin,mranklinbl@pagesperso-orange.fr,Female,177.17.244.36
419,Gerhardt,Simoni,gsimonibm@1und1.de,Male,90.222.158.219
420,Devin,Vallintine,dvallintinebn@sfgate.com,Female,162.234.88.203
421,Redford,O'Spillane,rospillanebo@weibo.com,Male,118.248.82.66
422,Melodee,Le Brom,mlebrombp@sohu.com,Female,213.59.159.244
423,Albertine,Espie,aespiebq@symantec.com,Female,80.78.176.95
424,Justinian,Sanches,jsanchesbr@slideshare.net,Male,230.64.194.24
425,Tannie,Manon,tmanonbs@netscape.com,Male,116.202.150.247
426,Nev,Bracchi,nbracchibt@ebay.co.uk,Male,43.104.171.76
427,Micki,Bishell,mbishellbu@nyu.edu,Female,26.184.189.62
428,Joyan,Langran,jlangranbv@wikipedia.org,Female,76.71.117.239
429,Findlay,Borrel,fborrelbw@omniture.com,Male,189.97.202.78
430,Merwin,McCoid,mmccoidbx@ucoz.ru,Male,251.177.14.245
431,Chiquia,Woodyatt,cwoodyattby@nba.com,Female,148.7.32.25
432,Stacia,Eckly,secklybz@alibaba.com,Female,146.154.165.209
433,Cob,Turrill,cturrillc0@walmart.com,Male,81.45.9.135
434,Caryn,Harbidge,charbidgec1@sitemeter.com,Female,14.238.116.85
435,Ruben,Lunk,rlunkc2@cornell.edu,Male,131.139.224.142
436,Linoel,Claire,lclairec3@shareasale.com,Male,191.194.136.91
437,Berkeley,Tinmouth,btinmouthc4@sciencedaily.com,Male,196.195.88.33
438,Worthy,Chrystal,wchrystalc5@rakuten.co.jp,Male,236.64.27.181
439,Gaile,Judge,gjudgec6@addtoany.com,Male,66.11.212.184
440,Theodore,Bailes,tbailesc7@macromedia.com,Male,0.75.236.24
441,Creight,Robard,crobardc8@discovery.com,Male,131.165.134.44
442,Nelie,Pilley,npilleyc9@sogou.com,Female,175.176.215.113
443,Gussie,Sellen,gsellenca@utexas.edu,Female,108.50.162.215
444,Eugene,Leatherland,eleatherlandcb@wikia.com,Male,159.140.106.187
445,Rasla,Kobel,rkobelcc@hp.com,Female,236.151.78.150
446,Dredi,Rilings,drilingscd@un.org,Female,33.123.76.188
447,Salmon,Korf,skorfce@intel.com,Male,186.99.180.148
448,Matelda,McCheyne,mmccheynecf@php.net,Female,99.156.244.170
449,Stillman,Frie,sfriecg@bing.com,Male,198.62.163.89
450,Alisha,Guichard,aguichardch@mysql.com,Female,254.184.242.82
451,Shadow,Weatherby,sweatherbyci@hhs.gov,Male,248.78.239.131
452,Lesli,Moulding,lmouldingcj@example.com,Female,253.128.53.232
453,Roderich,Cardiff,rcardiffck@techcrunch.com,Male,42.89.61.160
454,Archambault,Webby,awebbycl@about.me,Male,247.218.171.24
455,Arielle,Cackett,acackettcm@ameblo.jp,Female,205.240.190.49
456,Felicle,Baxill,fbaxillcn@washington.edu,Female,34.218.16.52
457,Francois,Thurbon,fthurbonco@instagram.com,Male,106.72.114.172
458,Bail,Donwell,bdonwellcp@usnews.com,Male,131.235.5.149
459,Honoria,Posselwhite,hposselwhitecq@hud.gov,Female,26.108.232.233
460,Randal,Safe,rsafecr@fda.gov,Male,16.167.208.132
461,Caroljean,Ivatts,civattscs@cbsnews.com,Female,235.255.82.240
462,Dania,Leeuwerink,dleeuwerinkct@google.co.jp,Female,90.22.244.194
463,Pippo,Mowbray,pmowbraycu@home.pl,Male,204.215.245.139
464,Lyn,Zuanazzi,lzuanazzicv@ehow.com,Male,216.2.198.34
465,Flemming,McGeorge,fmcgeorgecw@forbes.com,Male,69.26.156.37
466,Dalli,Cutajar,dcutajarcx@creativecommons.org,Male,130.206.47.16
467,Waylen,Jeanon,wjeanoncy@miitbeian.gov.cn,Male,227.142.109.239
468,Roshelle,Brewood,rbrewoodcz@amazon.de,Female,221.211.81.149
469,Rebecka,Overnell,rovernelld0@behance.net,Female,103.108.150.178
470,Giulietta,Brunesco,gbrunescod1@prnewswire.com,Female,82.163.74.87
471,Denyse,Innwood,dinnwoodd2@xing.com,Female,95.1.209.60
472,Norman,Domek,ndomekd3@about.me,Male,3.153.206.104
473,Timoteo,Warby,twarbyd4@stanford.edu,Male,46.59.212.100
474,Robbert,Songhurst,rsonghurstd5@multiply.com,Male,209.14.199.96
475,Joly,MacScherie,jmacscheried6@irs.gov,Female,77.39.96.132
476,Grazia,Luigi,gluigid7@webeden.co.uk,Female,152.9.75.41
477,Sherline,Camplen,scamplend8@tamu.edu,Female,14.192.178.7
478,Melisa,Hunsworth,mhunsworthd9@elegantthemes.com,Female,169.112.35.2
479,Teddie,Smuth,tsmuthda@oakley.com,Female,126.44.242.176
480,Natalya,Obern,noberndb@globo.com,Female,214.29.230.83
481,Eugine,Kighly,ekighlydc@comcast.net,Female,90.70.113.141
482,Obed,Buttery,obutterydd@over-blog.com,Male,64.253.49.82
483,Flore,Elmer,felmerde@japanpost.jp,Female,12.238.14.41
484,Leta,Fayre,lfayredf@go.com,Female,63.176.151.220
485,Vin,Moxted,vmoxteddg@sina.com.cn,Male,243.135.81.4
486,Preston,Naile,pnailedh@shareasale.com,Male,215.233.66.65
487,Imogene,Edgeworth,iedgeworthdi@dailymotion.com,Female,14.221.10.227
488,Berti,Chapell,bchapelldj@google.nl,Female,113.54.22.198
489,Linn,Eate,leatedk@microsoft.com,Male,104.156.140.82
490,Guthrie,Abramzon,gabramzondl@fda.gov,Male,93.249.160.17
491,Leonidas,Lardnar,llardnardm@patch.com,Male,106.47.49.96
492,Lu,Nelligan,lnelligandn@google.fr,Female,179.201.80.10
493,Augy,Tribell,atribelldo@soundcloud.com,Male,63.119.5.189
494,Torie,Togwell,ttogwelldp@comcast.net,Female,130.153.84.210
495,Roderigo,Birnie,rbirniedq@state.tx.us,Male,129.210.26.162
496,Wayland,Dutteridge,wdutteridgedr@wikia.com,Male,87.249.233.0
497,Fanchette,Rountree,frountreeds@usda.gov,Female,96.184.24.19
498,Lloyd,Beaston,lbeastondt@rakuten.co.jp,Male,20.208.51.102
499,Eberto,Ruppele,eruppeledu@amazon.co.jp,Male,66.65.220.94
500,Si,Vant,svantdv@newsvine.com,Male,64.160.92.221
501,Bart,Gibbens,bgibbensdw@de.vu,Male,8.112.45.199
502,Laney,Beldam,lbeldamdx@cargocollective.com,Male,131.74.202.38
503,Fredric,Pien,fpiendy@amazon.com,Male,188.37.74.2
504,Barbara-anne,Pydcock,bpydcockdz@whitehouse.gov,Female,176.221.59.76
505,Jewelle,Vassbender,jvassbendere0@npr.org,Female,226.73.147.159
506,Lynnelle,Gribbell,lgribbelle1@pen.io,Female,87.173.255.156
507,Brian,Sylvaine,bsylvainee2@twitpic.com,Male,126.114.245.169
508,Dianemarie,Thrustle,dthrustlee3@telegraph.co.uk,Female,172.105.139.160
509,Shayla,Gerhartz,sgerhartze4@soup.io,Female,240.96.10.201
510,Fax,Rivlin,frivline5@tripod.com,Male,129.205.242.74
511,Fawn,Della Scala,fdellascalae6@ebay.co.uk,Female,7.100.110.54
512,Guthrey,Schiersch,gschiersche7@deliciousdays.com,Male,173.55.3.57
513,Lars,Kochs,lkochse8@51.la,Male,41.3.97.154
514,Kristopher,Courtois,kcourtoise9@angelfire.com,Male,166.22.179.59
515,Rafaelita,Goldstraw,rgoldstrawea@trellian.com,Female,131.211.135.59
516,Fleur,Tredget,ftredgeteb@reference.com,Female,214.192.212.104
517,Opalina,Heady,oheadyec@livejournal.com,Female,199.156.95.1
518,Carny,McCard,cmccarded@themeforest.net,Male,167.115.6.103
519,Prudence,De Dei,pdedeiee@eepurl.com,Female,146.71.58.50
520,Isac,Westwick,iwestwickef@mtv.com,Male,94.172.236.208
521,Simmonds,Danbury,sdanburyeg@huffingtonpost.com,Male,69.207.40.213
522,Lee,Goddert.sf,lgoddertsfeh@flavors.me,Male,22.44.106.211
523,Pepito,Ferraraccio,pferraraccioei@cdbaby.com,Male,104.200.54.152
524,Bernice,Osgorby,bosgorbyej@printfriendly.com,Female,116.129.196.103
525,Kore,Holsall,kholsallek@dropbox.com,Female,83.88.214.31
526,Sig,Coolson,scoolsonel@archive.org,Male,54.57.143.30
527,Garnet,Martignon,gmartignonem@mashable.com,Female,254.45.78.198
528,Adelind,Rookesby,arookesbyen@e-recht24.de,Female,245.235.92.104
529,Nigel,O'Lunny,nolunnyeo@flickr.com,Male,185.174.229.197
530,Niall,Kettlestring,nkettlestringep@shutterfly.com,Male,113.111.249.135
531,Trever,Chisholme,tchisholmeeq@bigcartel.com,Male,54.63.166.142
532,Noble,Scandwright,nscandwrighter@upenn.edu,Male,224.14.138.120
533,Wilton,Swainston,wswainstones@taobao.com,Male,43.17.215.182
534,Ingra,Bordis,ibordiset@uol.com.br,Male,179.233.142.252
535,Maudie,Addey,maddeyeu@google.com.br,Female,238.136.48.97
536,Richie,Ormonde,rormondeev@51.la,Male,139.10.190.246
537,Ricki,Cordrey,rcordreyew@yandex.ru,Female,21.237.135.29
538,Cate,Byneth,cbynethex@npr.org,Female,119.98.211.32
539,Nance,Pieracci,npieracciey@cargocollective.com,Female,64.195.227.58
540,Alvina,Ackhurst,aackhurstez@redcross.org,Female,98.48.254.80
541,Clark,Piggford,cpiggfordf0@twitter.com,Male,167.48.193.22
542,Aurelea,Purrington,apurringtonf1@blinklist.com,Female,4.222.139.222
543,Pepito,MacAfee,pmacafeef2@newyorker.com,Male,13.37.146.28
544,Joseph,Dyter,jdyterf3@usnews.com,Male,105.201.65.9
545,Jesse,Cettell,jcettellf4@dailymotion.com,Female,15.69.144.79
546,Hadley,Bacop,hbacopf5@freewebs.com,Male,112.218.25.237
547,Simon,De Ferrari,sdeferrarif6@cargocollective.com,Male,157.43.194.28
548,Kalli,Youd,kyoudf7@unesco.org,Female,187.207.139.0
549,Suzanne,Parmley,sparmleyf8@adobe.com,Female,174.170.42.103
550,Kate,Alsopp,kalsoppf9@mashable.com,Female,65.236.244.171
551,Arlee,Bulle,abullefa@utexas.edu,Female,158.18.178.139
552,Raina,Antliff,rantlifffb@marriott.com,Female,35.226.254.198
553,Ruthe,Samms,rsammsfc@posterous.com,Female,33.247.159.91
554,Rodolph,Trymme,rtrymmefd@canalblog.com,Male,238.27.55.4
555,Amitie,Fray,afrayfe@squidoo.com,Female,137.32.10.168
556,Annice,Jelliman,ajellimanff@forbes.com,Female,226.94.139.87
557,Xever,Tourle,xtourlefg@hp.com,Male,138.211.17.225
558,Adora,Coton,acotonfh@washington.edu,Female,203.237.126.150
559,Brita,Rattenberie,brattenberiefi@usatoday.com,Female,42.161.171.236
560,Terrance,Snookes,tsnookesfj@desdev.cn,Male,226.151.120.219
561,Roana,Wilber,rwilberfk@icio.us,Female,6.58.8.96
562,Emma,Capron,ecapronfl@woothemes.com,Female,227.21.200.115
563,Major,Darwen,mdarwenfm@storify.com,Male,164.181.106.128
564,Yorgos,Beauman,ybeaumanfn@un.org,Male,178.190.16.182
565,Lyle,Rowcastle,lrowcastlefo@imageshack.us,Male,244.196.32.39
566,Arther,McPhillips,amcphillipsfp@rakuten.co.jp,Male,11.55.126.21
567,Renato,Passmore,rpassmorefq@nytimes.com,Male,254.87.149.111
568,Caz,Hugin,chuginfr@blogger.com,Male,16.37.23.204
569,Allissa,Smedmoor,asmedmoorfs@over-blog.com,Female,189.246.112.54
570,Benito,Storrier,bstorrierft@addthis.com,Male,189.58.192.77
571,Kerianne,Ramplee,krampleefu@senate.gov,Female,153.191.53.194
572,Frank,Panyer,fpanyerfv@admin.ch,Male,71.24.195.81
573,Early,Dorkins,edorkinsfw@vistaprint.com,Male,236.137.206.24
574,Corrine,Vidyapin,cvidyapinfx@linkedin.com,Female,1.52.52.244
575,Jodee,Boon,jboonfy@canalblog.com,Female,184.221.150.62
576,Iris,Biasioli,ibiasiolifz@squarespace.com,Female,140.180.110.161
577,Geoffry,Van Haeften,gvanhaefteng0@globo.com,Male,164.65.170.158
578,Nance,Tebboth,ntebbothg1@shutterfly.com,Female,249.233.216.69
579,Kristien,Bittleson,kbittlesong2@rakuten.co.jp,Female,210.149.183.124
580,Micky,Longthorn,mlongthorng3@whitehouse.gov,Male,29.216.123.159
581,Bernadine,Brugman,bbrugmang4@storify.com,Female,69.77.174.208
582,Jacquetta,Danett,jdanettg5@netscape.com,Female,255.128.157.181
583,Jamison,Berard,jberardg6@ustream.tv,Male,1.243.221.223
584,Melisandra,Spurdens,mspurdensg7@weather.com,Female,23.62.140.124
585,Quinta,Poxon,qpoxong8@mlb.com,Female,86.179.127.91
586,Piggy,Lambertz,plambertzg9@weebly.com,Male,254.227.159.202
587,Collete,Cunnow,ccunnowga@stanford.edu,Female,90.64.167.43
588,Ambros,Alfonsini,aalfonsinigb@nature.com,Male,184.167.199.232
589,Griselda,Torricella,gtorricellagc@dropbox.com,Female,97.126.188.62
590,Sisile,Gogarty,sgogartygd@gravatar.com,Female,222.195.98.73
591,Christy,Gorton,cgortonge@geocities.jp,Male,169.102.53.250
592,Elmer,Flaxon,eflaxongf@weebly.com,Male,61.238.172.87
593,Toby,Vynoll,tvynollgg@craigslist.org,Female,116.171.110.78
594,Mile,Poynzer,mpoynzergh@earthlink.net,Male,100.185.229.152
595,Lynn,Downes,ldownesgi@buzzfeed.com,Male,168.253.235.29
596,Ellette,Klyner,eklynergj@mayoclinic.com,Female,220.3.171.161
597,Zena,Emmens,zemmensgk@foxnews.com,Female,88.91.193.60
598,Maurie,Duckering,mduckeringgl@tumblr.com,Male,47.153.244.41
599,Jamaal,Loveless,jlovelessgm@naver.com,Male,104.135.230.187
600,Leoine,Avrahamy,lavrahamygn@quantcast.com,Female,50.49.162.191
601,Ginevra,Noke,gnokego@opera.com,Female,221.146.97.105
602,Juli,Godmer,jgodmergp@blogtalkradio.com,Female,156.59.44.163
603,Lenora,Shilito,lshilitogq@apache.org,Female,74.62.62.237
604,Maria,Krikorian,mkrikoriangr@amazon.co.uk,Female,84.2.10.61
605,Tab,Ubsdall,tubsdallgs@ucoz.com,Male,40.160.176.98
606,Derk,Fyndon,dfyndongt@psu.edu,Male,203.133.41.102
607,Gerri,Sprulls,gsprullsgu@bravesites.com,Male,178.57.238.185
608,Egor,Peyton,epeytongv@goo.ne.jp,Male,167.38.56.108
609,Yetta,Coatham,ycoathamgw@moonfruit.com,Female,101.115.76.172
610,Aurilia,Soeiro,asoeirogx@gnu.org,Female,24.89.57.79
611,Nathanael,Greensides,ngreensidesgy@naver.com,Male,13.70.246.195
612,Terese,Crosson,tcrossongz@ucoz.com,Female,215.31.108.193
613,Donovan,Strahan,dstrahanh0@cbslocal.com,Male,228.117.172.242
614,Meyer,Mcall,mmcallh1@illinois.edu,Male,70.156.84.203
615,Nance,Joel,njoelh2@usatoday.com,Female,60.24.207.135
616,Doralyn,Cotgrove,dcotgroveh3@telegraph.co.uk,Female,23.70.61.25
617,Beret,Pummery,bpummeryh4@tumblr.com,Female,133.69.58.85
618,Catharine,Bernaert,cbernaerth5@reddit.com,Female,230.194.170.94
619,Peyton,Hartly,phartlyh6@wisc.edu,Male,104.175.157.168
620,Guss,Flade,gfladeh7@samsung.com,Male,139.93.153.76
621,Camala,Harly,charlyh8@answers.com,Female,169.71.22.226
622,Ami,Moyer,amoyerh9@cornell.edu,Female,233.196.156.174
623,Rhetta,Graundisson,rgraundissonha@globo.com,Female,90.117.134.123
624,Vince,Treslove,vtreslovehb@hugedomains.com,Male,84.54.240.193
625,Selene,Casserly,scasserlyhc@netvibes.com,Female,206.1.83.195
626,Stirling,Villaron,svillaronhd@uiuc.edu,Male,181.78.236.45
627,Aldrich,Leys,aleyshe@imageshack.us,Male,174.168.201.166
628,Kial,Benedite,kbeneditehf@miitbeian.gov.cn,Female,82.69.210.154
629,Winston,Groger,wgrogerhg@gov.uk,Male,150.201.219.55
630,Ambrosi,Semper,asemperhh@naver.com,Male,102.149.202.222
631,See,Bris,sbrishi@mozilla.com,Male,173.17.232.59
632,Ahmed,Hatch,ahatchhj@go.com,Male,168.87.68.247
633,Humfried,Keatley,hkeatleyhk@cocolog-nifty.com,Male,100.55.6.21
634,Barrie,Ghioni,bghionihl@liveinternet.ru,Male,26.236.34.230
635,Parrnell,Capener,pcapenerhm@wp.com,Male,189.248.194.226
636,Mary,De Dantesie,mdedantesiehn@merriam-webster.com,Female,126.156.222.239
637,Ruthie,Gammel,rgammelho@t-online.de,Female,111.219.237.35
638,Bourke,Gobolos,bgoboloshp@macromedia.com,Male,126.125.158.225
639,Jarad,Richie,jrichiehq@ibm.com,Male,91.233.142.145
640,Vanya,Bolle,vbollehr@123-reg.co.uk,Female,213.250.212.64
641,Giff,Neeves,gneeveshs@xing.com,Male,223.136.44.235
642,Walt,Ughini,wughiniht@hugedomains.com,Male,218.65.144.150
643,Vite,Kauschke,vkauschkehu@fema.gov,Male,154.69.177.102
644,Ardath,Elflain,aelflainhv@dailymail.co.uk,Female,171.169.103.197
645,Odilia,Urien,ourienhw@cafepress.com,Female,9.184.183.243
646,Tessy,Petegrew,tpetegrewhx@miitbeian.gov.cn,Female,19.105.165.25
647,Dorice,Dollard,ddollardhy@xinhuanet.com,Female,170.170.212.166
648,Iggy,Hoyle,ihoylehz@spotify.com,Male,10.65.175.82
649,Grantham,Fibbings,gfibbingsi0@java.com,Male,13.80.27.128
650,Munroe,Crichton,mcrichtoni1@tripod.com,Male,222.143.239.116
651,Tammy,Sivills,tsivillsi2@cbsnews.com,Female,192.184.179.27
652,Tracie,Kirkwood,tkirkwoodi3@flavors.me,Male,212.202.42.227
653,Tomkin,Eitter,teitteri4@howstuffworks.com,Male,38.194.182.43
654,Alfonso,Tomaini,atomainii5@shinystat.com,Male,58.3.151.66
655,Joline,Shemmin,jshemmini6@go.com,Female,253.207.147.53
656,Elden,Fallow,efallowi7@opera.com,Male,190.106.14.217
657,Artemas,Bertl,abertli8@feedburner.com,Male,147.174.143.109
658,Alon,MacTerrelly,amacterrellyi9@gnu.org,Male,39.60.215.91
659,Kerry,Poulston,kpoulstonia@psu.edu,Male,216.224.179.209
660,Isabella,Goalby,igoalbyib@sohu.com,Female,217.121.48.169
661,Valma,Goding,vgodingic@storify.com,Female,143.2.119.69
662,Sydney,Emsden,semsdenid@bizjournals.com,Male,139.192.126.41
663,Amitie,Dack,adackie@godaddy.com,Female,15.134.153.25
664,Hank,Killik,hkillikif@spotify.com,Male,104.127.155.22
665,Myrlene,Ruttgers,mruttgersig@bluehost.com,Female,79.245.107.164
666,Justino,Schonfeld,jschonfeldih@psu.edu,Male,79.169.107.190
667,Darbee,Wippermann,dwippermannii@uiuc.edu,Male,7.62.94.124
668,Swen,Carter,scarterij@cyberchimps.com,Male,62.96.159.160
669,Miran,Broomhall,mbroomhallik@state.gov,Female,190.187.138.112
670,Binnie,Kliesl,bklieslil@taobao.com,Female,229.27.84.215
671,Filberte,Southernwood,fsouthernwoodim@webmd.com,Male,15.14.13.49
672,Dorette,Ailward,dailwardin@ifeng.com,Female,87.6.148.54
673,Yancy,Novakovic,ynovakovicio@weather.com,Male,76.225.106.10
674,Mendy,Strass,mstrassip@mayoclinic.com,Male,176.75.45.87
675,Orelee,Blenkhorn,oblenkhorniq@jiathis.com,Female,147.171.190.104
676,Sallie,Iacofo,siacofoir@sogou.com,Female,132.200.189.108
677,Adolphe,Barchrameev,abarchrameevis@msn.com,Male,184.239.76.170
678,Levon,Corhard,lcorhardit@i2i.jp,Male,139.163.148.63
679,Arney,Wynne,awynneiu@storify.com,Male,74.179.94.221
680,Nicolai,Bagnold,nbagnoldiv@angelfire.com,Male,83.108.50.123
681,Correy,Twigger,ctwiggeriw@theglobeandmail.com,Male,68.87.213.81
682,Tim,Fitzer,tfitzerix@sogou.com,Female,45.105.42.106
683,Belle,Kinder,bkinderiy@businesswire.com,Female,136.190.65.194
684,Donni,Dunn,ddunniz@mayoclinic.com,Female,169.255.162.200
685,Pepita,Bielfelt,pbielfeltj0@shutterfly.com,Female,194.106.141.31
686,Cobby,Karpman,ckarpmanj1@live.com,Male,58.33.101.202
687,Camel,Andrini,candrinij2@wikipedia.org,Female,128.39.20.102
688,Nickola,Gillaspy,ngillaspyj3@japanpost.jp,Male,54.23.167.20
689,Juline,Hrinishin,jhrinishinj4@nasa.gov,Female,127.240.184.152
690,Mallory,Costin,mcostinj5@hibu.com,Female,90.226.2.90
691,Marcellus,Hammer,mhammerj6@about.com,Male,198.235.31.242
692,Cash,McGregor,cmcgregorj7@opera.com,Male,249.242.98.35
693,Osborn,Worlidge,oworlidgej8@ucoz.ru,Male,161.201.157.0
694,Teena,Gabrieli,tgabrielij9@senate.gov,Female,164.223.197.129
695,Fredrick,Houndson,fhoundsonja@storify.com,Male,245.165.62.92
696,Alexis,Keyho,akeyhojb@virginia.edu,Female,107.104.81.236
697,Christine,Maruska,cmaruskajc@bloglines.com,Female,185.224.255.76
698,Bonnibelle,Genn,bgennjd@house.gov,Female,74.7.77.205
699,Jakob,Milvarnie,jmilvarnieje@dyndns.org,Male,14.200.73.15
700,Alene,Tubbles,atubblesjf@ovh.net,Female,148.91.96.242
701,Francoise,Jacquet,fjacquetjg@mozilla.com,Female,190.169.75.240
702,Marlin,Orridge,morridgejh@hexun.com,Male,144.79.237.112
703,Renell,Trowill,rtrowillji@npr.org,Female,202.214.169.152
704,Carling,Wylder,cwylderjj@ox.ac.uk,Male,194.13.202.69
705,Phineas,Bruhn,pbruhnjk@ox.ac.uk,Male,108.151.203.224
706,Clarence,Ivanusyev,civanusyevjl@ucoz.com,Male,156.74.108.76
707,Francis,Carbert,fcarbertjm@stumbleupon.com,Male,127.173.210.186
708,Simonne,Huggens,shuggensjn@shop-pro.jp,Female,218.105.43.133
709,Camey,MacMeanma,cmacmeanmajo@chicagotribune.com,Male,148.33.210.62
710,D'arcy,Cremer,dcremerjp@businessweek.com,Male,97.221.196.243
711,Zachery,Duplan,zduplanjq@rambler.ru,Male,218.115.60.37
712,Ariel,Maun,amaunjr@google.com.au,Male,231.252.158.229
713,Mordecai,Flipsen,mflipsenjs@ask.com,Male,240.141.181.124
714,Latrina,Gladdolph,lgladdolphjt@cisco.com,Female,122.157.157.111
715,Ibbie,Betton,ibettonju@g.co,Female,200.169.98.35
716,Modestia,Harniman,mharnimanjv@oaic.gov.au,Female,210.92.9.52
717,Solomon,Verny,svernyjw@upenn.edu,Male,39.129.71.0
718,Nickolaus,Staves,nstavesjx@yale.edu,Male,11.247.11.79
719,Owen,Pyle,opylejy@google.com.hk,Male,64.232.72.188
720,Rosana,Brouwer,rbrouwerjz@rambler.ru,Female,7.223.231.214
721,Suzie,Geddes,sgeddesk0@ibm.com,Female,18.126.92.208
722,Norrie,MacAlpine,nmacalpinek1@netscape.com,Male,252.23.10.26
723,Bobette,Ropcke,bropckek2@homestead.com,Female,68.219.164.180
724,Debby,Pirson,dpirsonk3@e-recht24.de,Female,244.206.189.230
725,Cathy,Zamorrano,czamorranok4@g.co,Female,27.116.217.208
726,Livia,Handscomb,lhandscombk5@ca.gov,Female,41.251.69.116
727,Adolphus,Eveque,aevequek6@ox.ac.uk,Male,65.208.248.70
728,Merrilee,Kohnert,mkohnertk7@w3.org,Female,59.246.105.138
729,Prudence,Hallgate,phallgatek8@kickstarter.com,Female,116.248.111.95
730,Reese,Menghi,rmenghik9@jigsy.com,Male,112.32.2.134
731,Craggy,Illingsworth,cillingsworthka@indiatimes.com,Male,209.123.250.154
732,Linoel,Firmage,lfirmagekb@ibm.com,Male,172.70.242.245
733,Florie,Jakubovits,fjakubovitskc@1und1.de,Female,141.214.18.190
734,Fern,Parysiak,fparysiakkd@huffingtonpost.com,Female,186.71.219.235
735,Chadwick,Pococke,cpocockeke@flickr.com,Male,139.209.59.53
736,Bette,Bunny,bbunnykf@alexa.com,Female,99.130.205.209
737,Thaxter,Allsworth,tallsworthkg@addthis.com,Male,190.72.163.57
738,Augustina,Critchard,acritchardkh@scribd.com,Female,241.144.8.254
739,Javier,Redier,jredierki@over-blog.com,Male,98.48.200.156
740,Kendell,Dubery,kduberykj@sourceforge.net,Male,74.149.253.121
741,Tommy,Adolf,tadolfkk@tripod.com,Male,92.219.4.98
742,Yale,Taylour,ytaylourkl@themeforest.net,Male,228.88.249.172
743,Joscelin,Isoldi,jisoldikm@archive.org,Female,112.223.34.18
744,Ernesta,Masden,emasdenkn@wp.com,Female,113.64.241.169
745,Homerus,Cheverell,hcheverellko@telegraph.co.uk,Male,8.66.134.16
746,Basil,Garrie,bgarriekp@ftc.gov,Male,77.173.198.219
747,Hyacinthe,Tonbye,htonbyekq@usatoday.com,Female,192.43.113.20
748,Marja,Bramhall,mbramhallkr@seattletimes.com,Female,185.195.47.234
749,Misti,Semper,msemperks@phpbb.com,Female,182.218.161.206
750,Margaux,Edlington,medlingtonkt@mlb.com,Female,86.8.195.188
751,Griff,Ferrari,gferrariku@mapquest.com,Male,84.183.9.163
752,Caz,Haston,chastonkv@ask.com,Male,84.169.220.205
753,Bethena,Guitton,bguittonkw@epa.gov,Female,115.59.141.189
754,Rutter,Switzer,rswitzerkx@mozilla.com,Male,222.70.105.140
755,Leicester,Staining,lstainingky@altervista.org,Male,26.74.68.100
756,Stephie,Norrington,snorringtonkz@phoca.cz,Female,173.221.244.15
757,Reece,Goodison,rgoodisonl0@aol.com,Male,152.180.217.148
758,Henri,Chandler,hchandlerl1@nasa.gov,Male,32.181.217.159
759,Lurette,Edger,ledgerl2@tuttocitta.it,Female,42.135.146.199
760,Kassie,Rash,krashl3@nifty.com,Female,19.252.246.217
761,Guthrie,Bowes,gbowesl4@utexas.edu,Male,30.198.6.150
762,Nicki,Tyrrell,ntyrrelll5@elpais.com,Female,122.108.45.195
763,Nicholle,Bleeze,nbleezel6@goo.gl,Female,118.19.122.213
764,Claudelle,Goncaves,cgoncavesl7@craigslist.org,Female,209.85.126.247
765,Sybyl,Whitwham,swhitwhaml8@wp.com,Female,137.161.237.188
766,Jonathon,Letford,jletfordl9@arizona.edu,Male,194.234.3.253
767,Philbert,Waldren,pwaldrenla@bravesites.com,Male,173.29.254.52
768,Angelique,Morritt,amorrittlb@arizona.edu,Female,84.119.31.170
769,Anatole,Lammers,alammerslc@chron.com,Male,21.129.58.58
770,Devin,Whittet,dwhittetld@aol.com,Male,113.33.243.231
771,Kristopher,Kemmey,kkemmeyle@craigslist.org,Male,222.143.115.143
772,Ruthann,Middle,rmiddlelf@cdc.gov,Female,52.195.189.133
773,Chadwick,Dady,cdadylg@storify.com,Male,51.25.12.198
774,Norris,Lewinton,nlewintonlh@census.gov,Male,158.159.163.243
775,Jerome,Fillis,jfillisli@myspace.com,Male,236.64.108.219
776,Orrin,Eberle,oeberlelj@hubpages.com,Male,11.91.47.58
777,Ketti,Huxtable,khuxtablelk@eepurl.com,Female,50.196.0.253
778,Daisey,Killough,dkilloughll@adobe.com,Female,234.186.95.248
779,Lewie,Kliemann,lkliemannlm@timesonline.co.uk,Male,5.177.117.234
780,Stevana,Welton,sweltonln@topsy.com,Female,159.35.53.209
781,Nicolea,Coronado,ncoronadolo@dropbox.com,Female,111.249.116.121
782,Willdon,Vairow,wvairowlp@cmu.edu,Male,191.164.177.223
783,Bernelle,Tripet,btripetlq@discuz.net,Female,85.223.139.142
784,Monro,Culwen,mculwenlr@fotki.com,Male,239.160.207.228
785,Joye,Lonsbrough,jlonsbroughls@shutterfly.com,Female,108.131.19.140
786,Lammond,Kiffin,lkiffinlt@networkadvertising.org,Male,23.43.177.255
787,Nealson,Blyth,nblythlu@stanford.edu,Male,226.141.139.152
788,Ketti,Mongenot,kmongenotlv@bing.com,Female,167.124.111.160
789,Aurore,Garfath,agarfathlw@wisc.edu,Female,80.22.142.139
790,Allissa,Heinrich,aheinrichlx@netscape.com,Female,110.211.36.24
791,Karen,Weal,kweally@google.ca,Female,83.163.21.255
792,Maurie,Cage,mcagelz@auda.org.au,Male,245.9.73.231
793,Johnette,Lestrange,jlestrangem0@sogou.com,Female,117.38.13.17
794,Carolin,Itzkovitch,citzkovitchm1@shutterfly.com,Female,186.109.222.222
795,Nixie,Ever,neverm2@constantcontact.com,Female,143.235.209.142
796,Cobby,Izaks,cizaksm3@jiathis.com,Male,114.106.56.136
797,Nalani,Cianelli,ncianellim4@wikispaces.com,Female,190.56.193.113
798,Dar,Coats,dcoatsm5@cbc.ca,Male,161.169.136.66
799,Valentijn,Victoria,vvictoriam6@hc360.com,Male,135.224.244.40
800,Tiffy,Hariot,thariotm7@bigcartel.com,Female,253.156.46.208
801,Gawain,Antosch,gantoschm8@seesaa.net,Male,94.201.51.226
802,Zachery,Bee,zbeem9@businessweek.com,Male,251.153.83.189
803,Carmencita,Sworne,cswornema@dion.ne.jp,Female,35.254.171.131
804,Dannye,Tregunnah,dtregunnahmb@hubpages.com,Female,34.177.1.243
805,Nerta,Minnis,nminnismc@tripod.com,Female,138.120.12.175
806,Lemuel,Grant,lgrantmd@issuu.com,Male,59.29.80.236
807,Cassaundra,Fenck,cfenckme@reverbnation.com,Female,235.212.47.191
808,Debra,Sloper,dslopermf@census.gov,Female,169.99.156.139
809,Brody,Soulsby,bsoulsbymg@topsy.com,Male,73.244.97.51
810,Miran,Aplin,maplinmh@narod.ru,Female,218.199.68.109
811,Reinaldo,Borel,rborelmi@aol.com,Male,129.243.187.14
812,Udale,Clementet,uclementetmj@deliciousdays.com,Male,54.153.12.212
813,Tomas,Donnel,tdonnelmk@latimes.com,Male,126.165.194.121
814,Marshall,Howard - Gater,mhowardgaterml@howstuffworks.com,Male,55.238.195.235
815,Link,Ramelot,lramelotmm@buzzfeed.com,Male,92.242.254.236
816,Thekla,Yashunin,tyashuninmn@ustream.tv,Female,157.29.169.120
817,Riva,Juorio,rjuoriomo@wiley.com,Female,188.160.175.229
818,Danya,Limrick,dlimrickmp@craigslist.org,Male,58.40.254.165
819,Ignace,Sapshed,isapshedmq@businessweek.com,Male,47.232.86.28
820,Kiele,Johnikin,kjohnikinmr@posterous.com,Female,138.96.178.80
821,Erny,Sieghard,esieghardms@mediafire.com,Male,22.217.62.19
822,Gretchen,Gregoratti,ggregorattimt@army.mil,Female,90.134.126.147
823,Selina,Malshinger,smalshingermu@dagondesign.com,Female,197.230.155.109
824,Phineas,Broad,pbroadmv@admin.ch,Male,33.209.231.184
825,Giffie,Snozzwell,gsnozzwellmw@biblegateway.com,Male,204.13.209.126
826,Cece,Burberye,cburberyemx@msu.edu,Male,96.183.82.142
827,Sax,Jemmett,sjemmettmy@163.com,Male,237.16.123.248
828,Lonnie,Mc Andrew,lmcandrewmz@indiegogo.com,Male,98.240.107.253
829,Heather,Gutridge,hgutridgen0@constantcontact.com,Female,31.167.39.56
830,Cristin,Remer,cremern1@intel.com,Female,13.10.111.112
831,Ash,Hammarberg,ahammarbergn2@loc.gov,Male,71.79.7.51
832,Stevy,Norrington,snorringtonn3@gov.uk,Male,195.107.189.105
833,Sterne,Hirth,shirthn4@weather.com,Male,218.111.163.148
834,Niles,Blay,nblayn5@irs.gov,Male,90.214.176.51
835,Alikee,Ketchell,aketchelln6@slashdot.org,Female,89.119.181.74
836,Anett,Stoppard,astoppardn7@miibeian.gov.cn,Female,87.252.189.46
837,Godfree,Linke,glinken8@amazonaws.com,Male,147.159.96.215
838,Orsola,Horning,ohorningn9@multiply.com,Female,10.191.14.97
839,Xever,De Lacey,xdelaceyna@cdc.gov,Male,9.178.127.237
840,Hildagard,Harragin,hharraginnb@dagondesign.com,Female,11.29.232.16
841,Saudra,Killford,skillfordnc@gravatar.com,Female,127.19.151.17
842,Sheelagh,MacAskie,smacaskiend@samsung.com,Female,6.79.21.228
843,Lorianne,Tulip,ltulipne@wisc.edu,Female,241.155.96.169
844,Marji,Steptow,msteptownf@bing.com,Female,147.142.166.237
845,Dolorita,Peatt,dpeattng@walmart.com,Female,203.245.27.19
846,Meredeth,MacNamee,mmacnameenh@mozilla.org,Male,200.36.90.91
847,Jacquelynn,Lefever,jlefeverni@ucla.edu,Female,178.239.116.92
848,Alphonso,Harmston,aharmstonnj@google.cn,Male,179.161.78.203
849,Wat,Denes,wdenesnk@bluehost.com,Male,87.205.70.31
850,Vilhelmina,Flowerdew,vflowerdewnl@privacy.gov.au,Female,140.68.167.81
851,Sande,Josifovitz,sjosifovitznm@epa.gov,Female,95.105.208.209
852,Gaven,Ellul,gellulnn@house.gov,Male,7.225.3.107
853,Gaston,Nary,gnaryno@smugmug.com,Male,212.167.5.17
854,Callida,Garza,cgarzanp@virginia.edu,Female,171.34.151.39
855,Prisca,Lapslie,plapslienq@quantcast.com,Female,129.116.141.198
856,Ilyssa,Clashe,iclashenr@tmall.com,Female,112.22.9.125
857,Pamela,Shoppee,pshoppeens@geocities.com,Female,221.99.59.142
858,Ignacio,Clemo,iclemont@51.la,Male,238.43.60.80
859,Annmarie,Radborn,aradbornnu@nifty.com,Female,112.25.234.81
860,Charisse,Whife,cwhifenv@ucsd.edu,Female,69.50.134.86
861,Rosamund,Praill,rpraillnw@devhub.com,Female,99.22.24.141
862,Jermaine,Terney,jterneynx@dmoz.org,Male,11.140.88.23
863,Hadleigh,McLurg,hmclurgny@sun.com,Male,247.250.170.103
864,Catherin,Chansonnau,cchansonnaunz@oracle.com,Female,86.54.210.219
865,Hildegaard,Tamblyn,htamblyno0@google.pl,Female,81.156.127.202
866,Davie,Wayvill,dwayvillo1@google.es,Male,48.214.236.46
867,Davey,Gracewood,dgracewoodo2@phoca.cz,Male,236.58.132.143
868,Erie,Greengrass,egreengrasso3@t-online.de,Male,16.140.199.84
869,Constanta,Carous,ccarouso4@unblog.fr,Female,224.71.103.91
870,Maurita,Hindrick,mhindricko5@omniture.com,Female,165.31.152.161
871,Burnard,Vitte,bvitteo6@si.edu,Male,182.206.56.229
872,Linet,Gerhold,lgerholdo7@amazonaws.com,Female,97.147.36.220
873,Aldon,Eouzan,aeouzano8@google.co.jp,Male,131.86.143.16
874,Mallory,Messier,mmessiero9@npr.org,Male,57.84.112.100
875,Augustine,Reynold,areynoldoa@state.gov,Male,175.179.100.165
876,Shir,Armytage,sarmytageob@microsoft.com,Female,214.145.179.136
877,Hilton,Bosson,hbossonoc@merriam-webster.com,Male,226.201.112.16
878,Marcia,de Wilde,mdewildeod@mediafire.com,Female,179.59.226.149
879,Andriette,Pawellek,apawellekoe@nsw.gov.au,Female,97.156.52.159
880,Bendicty,Benard,bbenardof@wikia.com,Male,207.77.132.24
881,Pat,Radden,praddenog@disqus.com,Male,69.150.9.220
882,Brant,Eastment,beastmentoh@ebay.co.uk,Male,78.4.34.45
883,Jacquenetta,Matussow,jmatussowoi@ning.com,Female,121.104.76.209
884,Isabelita,Tefft,itefftoj@pcworld.com,Female,98.220.29.48
885,Rosalie,Neale,rnealeok@ihg.com,Female,13.119.207.65
886,Kristien,Whatsize,kwhatsizeol@comcast.net,Female,219.186.154.30
887,Kinna,Styche,kstycheom@over-blog.com,Female,143.220.179.245
888,Eustacia,Dubique,edubiqueon@jugem.jp,Female,191.151.76.78
889,Tiffani,McWhirter,tmcwhirteroo@globo.com,Female,206.229.245.126
890,Morgun,Guiness,mguinessop@uiuc.edu,Male,0.6.25.72
891,Vinnie,Daubeny,vdaubenyoq@scribd.com,Female,133.171.239.253
892,Adrea,Colton,acoltonor@themeforest.net,Female,207.69.218.174
893,Theodoric,Marvin,tmarvinos@msu.edu,Male,99.153.23.39
894,Rurik,Yule,ryuleot@smugmug.com,Male,208.136.81.178
895,Jayme,Speeks,jspeeksou@cnn.com,Male,82.126.73.207
896,Idelle,Hayton,ihaytonov@gmpg.org,Female,45.197.186.108
897,Ray,Dowthwaite,rdowthwaiteow@tiny.cc,Male,107.25.11.16
898,Jo,Prescott,jprescottox@google.fr,Female,165.94.162.20
899,Waldemar,Capps,wcappsoy@dropbox.com,Male,13.216.20.46
900,Quinn,Maddocks,qmaddocksoz@dyndns.org,Female,94.81.29.55
901,Astra,Gouch,agouchp0@ibm.com,Female,177.158.47.167
902,Xymenes,Rankcom,xrankcomp1@booking.com,Male,59.57.231.40
903,Felita,Vellden,fvelldenp2@yellowpages.com,Female,39.84.6.66
904,Jesus,Dutnell,jdutnellp3@dailymail.co.uk,Male,91.23.21.52
905,Lorne,Pionter,lpionterp4@themeforest.net,Male,190.224.35.46
906,Avigdor,Yakushkin,ayakushkinp5@businessweek.com,Male,196.80.220.78
907,Waverly,Flarity,wflarityp6@wunderground.com,Male,27.145.227.173
908,Lil,Rochester,lrochesterp7@deliciousdays.com,Female,13.112.24.63
909,Perren,Managh,pmanaghp8@icq.com,Male,154.160.215.192
910,Isidore,Loxston,iloxstonp9@ed.gov,Male,206.29.113.177
911,Joey,Okenden,jokendenpa@oaic.gov.au,Male,33.156.110.160
912,Valida,Salerno,vsalernopb@netvibes.com,Female,123.255.154.253
913,Iver,McAleese,imcaleesepc@geocities.com,Male,177.247.208.34
914,Orin,Senyard,osenyardpd@gov.uk,Male,248.89.96.188
915,Bobbie,O'Hartnett,bohartnettpe@soup.io,Male,90.219.0.208
916,Prince,Schimonek,pschimonekpf@bigcartel.com,Male,237.157.72.49
917,Meara,Higounet,mhigounetpg@ezinearticles.com,Female,216.251.167.4
918,Mace,Dreigher,mdreigherph@amazonaws.com,Male,8.42.40.134
919,Marlie,Seppey,mseppeypi@bandcamp.com,Female,43.157.210.56
920,Berkeley,Richard,brichardpj@hao123.com,Male,251.199.223.3
921,Dietrich,Hoggins,dhogginspk@behance.net,Male,203.232.120.138
922,Orrin,Grimsdell,ogrimsdellpl@eepurl.com,Male,120.207.182.156
923,Dita,O'Regan,doreganpm@auda.org.au,Female,166.188.234.12
924,Lorry,Cherrett,lcherrettpn@japanpost.jp,Male,162.41.25.9
925,Jodi,Piniur,jpiniurpo@home.pl,Female,186.50.79.210
926,Gillian,Waleworke,gwaleworkepp@fastcompany.com,Female,27.61.129.214
927,Delphinia,Burfitt,dburfittpq@fastcompany.com,Female,40.103.146.68
928,Jess,Pulver,jpulverpr@time.com,Female,228.146.87.196
929,Ricky,Warrick,rwarrickps@blogtalkradio.com,Female,176.232.180.194
930,Kriste,Dalloway,kdallowaypt@alexa.com,Female,92.10.46.228
931,Modestia,Danaher,mdanaherpu@howstuffworks.com,Female,236.94.204.18
932,Elie,McReidy,emcreidypv@home.pl,Female,246.63.122.67
933,Errol,Gawthorp,egawthorppw@europa.eu,Male,103.77.45.254
934,Forrester,Hovel,fhovelpx@vk.com,Male,248.58.186.61
935,Wes,Skittrell,wskittrellpy@miitbeian.gov.cn,Male,144.0.117.150
936,Gun,Longhurst,glonghurstpz@arizona.edu,Male,7.114.1.6
937,Bebe,Kiloh,bkilohq0@techcrunch.com,Female,220.242.223.64
938,Augy,Thoday,athodayq1@naver.com,Male,158.232.213.62
939,Marlon,Petersen,mpetersenq2@sciencedaily.com,Male,241.68.176.185
940,Hubert,Pantin,hpantinq3@pinterest.com,Male,222.138.79.240
941,Lorine,Bassilashvili,lbassilashviliq4@blogtalkradio.com,Female,139.117.210.153
942,Mimi,Oldmeadow,moldmeadowq5@dion.ne.jp,Female,229.135.81.110
943,Timotheus,Clifft,tclifftq6@si.edu,Male,61.76.189.236
944,Aviva,Humberston,ahumberstonq7@reverbnation.com,Female,82.83.43.198
945,Elwin,Wherrett,ewherrettq8@wp.com,Male,84.155.44.188
946,Peterus,Alker,palkerq9@dedecms.com,Male,62.78.37.134
947,Sibilla,Jakolevitch,sjakolevitchqa@trellian.com,Female,111.114.31.213
948,Giselle,Rostron,grostronqb@hostgator.com,Female,237.74.85.27
949,Giorgia,Heintzsch,gheintzschqc@gov.uk,Female,172.26.92.169
950,Elmo,Barday,ebardayqd@amazon.co.uk,Male,242.29.61.250
951,Hulda,Orrocks,horrocksqe@altervista.org,Female,251.222.254.44
952,Adamo,Vanstone,avanstoneqf@techcrunch.com,Male,101.149.192.46
953,Muire,Rawdales,mrawdalesqg@admin.ch,Female,109.226.161.29
954,Brittaney,Crowhurst,bcrowhurstqh@plala.or.jp,Female,157.150.120.132
955,Shelby,Huddart,shuddartqi@wordpress.com,Male,152.113.39.253
956,Brittne,Cogdon,bcogdonqj@google.co.uk,Female,222.21.13.177
957,Blakeley,Merrigan,bmerriganqk@webnode.com,Female,115.248.162.122
958,Rosabel,Cheesworth,rcheesworthql@tumblr.com,Female,163.200.168.128
959,Marcelle,Dellenbrook,mdellenbrookqm@seesaa.net,Female,205.0.254.109
960,Katina,Stollwerk,kstollwerkqn@wp.com,Female,201.103.185.111
961,Shell,Guerin,sguerinqo@diigo.com,Female,0.140.234.146
962,Maribeth,Fairham,mfairhamqp@google.com.hk,Female,156.151.132.48
963,Gustavo,Geeritz,ggeeritzqq@nps.gov,Male,116.175.186.214
964,Dimitri,Parcall,dparcallqr@livejournal.com,Male,190.213.122.194
965,Von,Dudson,vdudsonqs@constantcontact.com,Male,131.148.15.203
966,Torey,Pirrey,tpirreyqt@netlog.com,Male,79.143.231.120
967,Sofie,Dmitrovic,sdmitrovicqu@dedecms.com,Female,3.21.191.109
968,Alexander,Blundin,ablundinqv@myspace.com,Male,3.150.47.126
969,Barney,Rosetti,brosettiqw@gnu.org,Male,27.6.96.171
970,Pascal,Graveney,pgraveneyqx@salon.com,Male,192.139.85.171
971,Orrin,Francois,ofrancoisqy@foxnews.com,Male,7.1.37.11
972,Boony,Rove,broveqz@rediff.com,Male,180.137.226.241
973,Vivian,Lawerence,vlawerencer0@shareasale.com,Female,79.110.6.44
974,Klement,Ackenhead,kackenheadr1@deviantart.com,Male,249.166.23.46
975,Lucien,Kingescot,lkingescotr2@about.me,Male,107.84.132.116
976,Kylila,Kimbly,kkimblyr3@ucsd.edu,Female,214.100.105.55
977,Avigdor,Croy,acroyr4@weebly.com,Male,156.180.106.223
978,Carlyle,Cressingham,ccressinghamr5@cnbc.com,Male,109.10.130.45
979,Donnajean,Demageard,ddemageardr6@pbs.org,Female,170.44.0.8
980,Barnabas,Arnholdt,barnholdtr7@senate.gov,Male,110.241.74.231
981,Patton,Cushe,pcusher8@dmoz.org,Male,20.231.20.89
982,Willy,Summons,wsummonsr9@reddit.com,Male,47.189.125.161
983,Pinchas,Strover,pstroverra@sogou.com,Male,108.117.15.98
984,Phil,Iorizzi,piorizzirb@amazon.com,Male,7.202.91.34
985,Shanta,McCrorie,smccrorierc@github.io,Female,39.133.166.35
986,Miguelita,Anetts,manettsrd@histats.com,Female,113.220.152.172
987,Cazzie,Bowie,cbowiere@nature.com,Male,164.140.26.243
988,Katie,Wretham,kwrethamrf@businessinsider.com,Female,185.45.248.74
989,Shandra,Sirkett,ssirkettrg@salon.com,Female,68.191.254.12
990,Geoffry,Moyle,gmoylerh@sbwire.com,Male,175.8.144.74
991,Chet,Corney,ccorneyri@mashable.com,Male,30.113.14.131
992,Kristen,Baise,kbaiserj@desdev.cn,Female,74.229.100.188
993,Jorry,Dowderswell,jdowderswellrk@prlog.org,Female,180.233.186.145
994,Nicholle,Lovat,nlovatrl@howstuffworks.com,Female,163.29.34.74
995,Lisette,Greenhead,lgreenheadrm@instagram.com,Female,39.22.22.163
996,Letti,O'Dowd,lodowdrn@youku.com,Female,143.128.80.203
997,Marcile,Maisey,mmaiseyro@google.it,Female,177.132.1.40
998,Clem,Goodhay,cgoodhayrp@ebay.com,Male,167.32.20.13
999,Sarette,Figliovanni,sfigliovannirq@mapy.cz,Female,89.196.208.81
1000,Miguelita,Lindner,mlindnerrr@wix.com,Female,32.14.117.158
